,May_Total_RL,May_half_life,May_inflec_FoldedNormal,May_Inflection_sig_point,June_Total_RL,June_half_life,June_inflec_FoldedNormal,June_Inflection_sig_point,July_Total_RL,July_half_life,July_inflec_FoldedNormal,July_Inflection_sig_point,x,bed,Delta_15N,Delta_13C,Log_Delta_15N,ID,RFP_Delta_15N,RFP_Log_Delta_15N,RFP_Delta_13C,Corrected_Log15N,Corrected_13C
0,56.87563910832758,110.94,120.39,142.99,22.17237755415495,136.61,141.52,149.92,7.284961953246074,146.98,148.37,150.18,1102,1,1.2154842736417095,-24.81372842438457,0.1951425765099304,Torp,-19.930940619517045,-0.8838178922837714,0.2435589908972543,-1.8857938833424404,0.7027098362156394
1,58.597964557167,113.57,122.61,145.78,21.527084832802224,137.82,142.04,147.97,7.435803874392743,143.32,144.33,144.76,1103,1,2.5256976335600543,-24.378695120025288,0.92651731508496,Informer,-18.35648197722469,-0.3397942525766402,0.4676050736614,-1.1767143665641284,1.1512659755816408
2,57.237843856672406,110.53,118.78,141.08,28.11894526234645,136.82,142.13,153.62,8.669016130325819,149.5,150.18,150.84,1104,1,2.222993403795021,-25.35777109946953,0.7988546677239555,Claire,-18.73762762015776,-0.1078545016329922,0.1763736494773569,-1.3266722357218503,0.1857128311441158
3,63.46440296649376,130.36,136.18,155.63,39.788719912995774,145.27,148.34,159.17,22.172859537727923,152.47,155.66,163.73,1105,1,5.704717442209035,-25.992775235248235,1.7412934539909064,RW41640,9.25309543162755,0.0102285228322915,-0.1554902193308033,-0.4065286712516172,-0.4357684696278703
4,63.83972355262562,111.84,119.37,144.33,19.50745980220536,135.23,138.42,145.79,6.888761859133117,147.22,148.93,148.34,1106,1,2.058995787267871,-24.026313590478555,0.7222183820347544,KWS Montana,-18.761957936085604,-0.5430949954115701,0.4250580891010063,-1.447898965004487,1.5442160101485278
5,54.889369821418434,114.9,122.64,144.79,22.59864242130862,138.38,142.34,150.62,11.851152724617494,153.02,155.43,151.3,1107,1,15.268378897675351,-24.604994325758145,2.725783951032707,Sj N1127,-9.04863211245259,0.1009442962477155,0.1598159718819233,0.5333713821967483,0.9790581098756554
6,61.98454959190399,114.34,124.16,145.51,21.7886174263364,134.47,137.44,145.4,6.31159093918358,145.54,146.33,147.42,1108,1,2.489684816184868,-24.722696625547083,0.9121561226192768,Benchmark,-19.344543158215853,-0.561434274093918,0.4167319462992523,-1.3025516680133995,0.8748786450934354
7,44.977172120728426,108.46,117.6,135.97,17.02752772202773,135.35,135.69,138.65,3.618983044884402,141.7,141.69,142.54,1109,1,2.307627627901612,-24.658845854678667,0.8362199958985278,Sj M0564,-29.5985418543477,-0.6709973483801669,0.5264560667166557,-1.400783016530866,0.95225225096857
8,56.47403282645477,111.95,119.25,134.73,18.208724627725545,132.19,135.11,140.87,4.411066011830884,148.12,153.4,136.88,1110,1,2.528596701042113,-24.531656740034663,0.9276644852369408,Sheriff,-27.9028161693794,-0.171056734599942,0.3279199136660358,-1.3316337489891708,1.092964200619292
9,56.177851361429305,114.55,124.15,144.79,21.49122158686145,136.27,139.67,146.84,8.89146938267449,148.28,148.13,145.39,1111,1,2.02362919512126,-25.19241687053139,0.7048925306498455,NOS 511167.10,-19.092297781299216,-1.011003569824786,0.8179438707598535,-1.5767009253729871,0.445726905129284
10,51.18143975964772,104.22,112.25,131.14,18.329946141843266,136.08,138.65,143.63,3.3635347049282114,142.59,143.05,141.91,1112,1,1.517663496927838,-23.71761852630896,0.417171979121738,Ohio,-22.95076276857713,-0.9723115911417916,0.5967494303585419,-1.8867166986978123,1.9340480843584336
11,60.6608369864592,111.27,122.84,144.34,25.70223587479416,134.05,136.77,144.74,4.511475997697213,144.18,142.83,143.64,1113,1,2.3623241503986567,-25.28731086386346,0.8596459439217456,512122.02,-16.632283217173143,-1.050527572282161,0.3430771005160215,-1.4665379556945224,0.3778785818106485
12,65.40456961399842,108.79,117.12,137.34,13.106853136672504,130.29,132.34,136.48,3.4193606740129403,142.99,143.71,142.42,1114,1,2.362369474778002,-25.40352002029589,0.859665130088275,KWS Dacanto,-33.9003722175055,-0.9786896108305078,0.4518546572559305,-1.4888139913247107,0.2751922603849372
13,58.15236634876676,115.05,124.26,144.3,25.759538718500657,138.31,142.41,150.88,9.173266592534002,151.29,157.15,145.44,1115,1,2.2303285061082554,-26.56777694624608,0.8021488867788256,Hereford ,-10.692509803285304,0.0892248876519866,0.1719841030037079,-1.5686254564308777,-0.8755418305585323
14,80.82360641379447,118.76,126.79,144.83,39.322622554900704,138.47,144.86,162.34,14.764194208425508,152.78,157.43,159.07,1116,1,3.9854579222077735,-26.50379497818709,1.3826522171103168,Hystar,5.680606092602911,0.2948171128550687,-0.0263214302162982,-1.010417347896104,-0.7980370274928283
15,53.874935715639936,108.58,119.18,138.35,25.19322674383794,137.17,147.06,152.05,10.248685626959649,152.64,156.68,151.43,1117,1,103.0543222004163,-25.76736880433072,4.635256249207175,Sj L288,-3.821250024023001,0.1867523287316493,0.1517551811807405,2.2198914624040365,-0.0480880186297376
16,82.78620454986772,123.27,132.7,159.68,42.322028843299215,147.5,156.43,174.85,24.560902256540537,165.48,169.77,176.71,1118,1,87.1085395001822,-26.30016128359013,4.467154921534607,KWS Dacanto,32.23702690532245,0.6901338436553943,-0.160659455822553,2.0294949129347506,-0.5673576628824293
17,79.3565295898231,133.92,137.77,167.03,51.01040184315325,156.71,165.4,186.23,30.86876574180464,172.2,177.3,187.93,1119,1,157.29278831528168,-26.0722974657126,5.058108962320817,Sj L624,52.30693227674449,0.7130577924951572,-0.3133423123829248,2.59815373192424,-0.3259710099981845
18,79.79116936333962,125.72,132.8,161.68,42.73080896445811,149.85,156.18,171.08,19.61449153040546,159.02,162.32,167.66,1120,1,247.82012725317315,-26.193334450783283,5.512703189678543,Sheriff,11.496933479883078,0.3762509237378673,-0.3922037540282211,3.0304527374852483,-0.4334851600621476
19,86.49342412391464,120.8,131.57,163.5,45.6805483441381,152.52,160.48,180.19,21.42885542518912,160.4,166.4,171.66,1121,1,141.3664557041973,-26.57383646691887,4.951355495504299,511016.09,19.91192498836984,0.4822538343924524,-0.3102580140367318,2.446809821514287,-0.8004643411910166
20,69.43764827769752,136.87,138.2,149.26,47.87430230133424,147.58,152.61,173.13,24.76509894385339,148.95,146.57,169.28,1122,1,1.5140540522364112,-24.74974720747711,0.4147908559872242,Ohio,9.514998911699708,0.1923751027274693,-0.2487132590514356,-2.112050039799506,1.037147753257461
21,94.98572960518456,130.91,136.48,163.11,56.04386010709735,156.47,161.74,181.46,41.93397395158799,157.3,161.8,177.38,1123,1,24.990439734457706,-26.627035546641093,3.2184933411089207,NOS 511082.28,59.61472753787844,0.718271105229832,-0.4840353165058369,0.669357223525473,-0.8266177508998034
22,73.27260243929919,124.26,130.35,154.1,37.15371285913024,140.33,145.99,160.86,21.89817554562857,138.6,144.44,150.58,1124,1,26.43689085620805,-25.294422515322943,3.2747604156411194,KWS Montana,-7.850655094001414,0.0665289308113717,-0.1114910202349239,0.7033290762609541,0.5195181154250648
23,64.67498458771699,113.84,125.61,146.27,34.87861606878363,145.91,149.26,161.1,27.46808671555236,149.25,152.55,162.75,1125,1,50.219594343875976,-26.03068796310258,3.916405276115692,Sj L037,-3.155065121438649,-0.0611514040793558,-0.1032705222105893,1.3226787149388088,-0.203224497347854
24,64.57283156514431,123.05,131.74,148.75,30.063649567821496,144.86,150.4,161.02,21.39175356189392,146.51,151.35,150.17,1126,1,18.12945014662521,-26.232605557120944,2.897537695935373,Claire,1.5865096996212296,0.2572179736021882,-0.0778757285244493,0.2815159129617726,-0.3916192563595011
25,59.50364765848735,120.85,127.25,145.42,33.01114881039738,157.22,164.35,174.82,29.60429759468364,166.93,170.8,160.75,1127,1,60.94139182692013,-25.60137470257013,4.109912612596391,512070.03,17.923901862372325,0.7116175633487912,-0.4508606208212321,1.4715956078260692,0.2531344331980314
26,53.19544374439942,114.61,124.77,142.29,21.33571492071124,142.06,147.63,149.92,15.333105027890957,143.54,150.68,134.25,1128,1,9.42605725212132,-26.30050465613056,2.243477902334284,Torp,-22.623858513155923,-0.3790159964851143,0.0737437814596796,-0.4171343242327552,-0.4324726853556768
27,84.34309442338086,135.77,141.84,168.91,50.22891990890986,155.45,162.24,180.36,38.77724611343187,167.41,167.37,180.52,1129,1,24.514079141986823,-25.836391271299348,3.1992476113541155,Ohio,56.83161005756869,0.969882350947182,-0.1991435739420199,0.5163401629903586,0.0451635344822491
28,62.18499318599325,149.78,146.92,158.05,41.57092302591192,147.6,154.33,169.83,38.21391933707797,151.04,156.74,168.48,1130,1,2.310956152469253,-25.813972802000325,0.8376613577107982,Benchmark,12.5523776039722,0.3642984772611632,-0.1731280010497233,-1.8675413124496765,0.08110483878799
29,60.31416104564468,116.95,125.57,145.32,35.69833897243753,142.28,149.11,163.85,34.13353802585232,146.31,154.63,165.74,1131,1,101.74137064872984,-26.09362500467497,4.622434011377096,Sj M0351,-5.75170080936461,0.1409783580420771,-0.1251645572830278,1.894936119419904,-0.1850245288799357
30,58.44040474246779,123.31,132.35,146.28,35.60344797618208,144.91,150.54,164.46,32.74217920259333,148.03,153.18,165.72,1132,1,30.61308639519405,-26.208930652755704,3.4214275775115337,Sj M0498,3.462302577860134,0.2128966998954778,-0.1984054368534775,0.6716344637576239,-0.2868073419539527
31,62.60487029799328,132.76,138.92,158.19,38.05183817685703,148.25,155.45,170.44,32.74769747028755,150.15,156.51,165.61,1133,1,3.403244954146276,-26.11015193165084,1.2247293747519674,LG Mocca,11.043213122106971,0.4043851736856544,-0.1101749834292062,-1.54735896079866,-0.1745057858423706
32,60.93631676223902,123.98,132.62,149.08,33.49725569641824,148.38,156.53,167.37,27.267416359468328,152.19,160.98,157.59,1134,1,5.535932807313193,-25.8472199702702,1.7112600808344105,Julius,1.0079734075138769,0.5662272423490109,-0.3189941461405332,-1.0831234765129345,0.1019490105449882
33,50.55729415387896,137.93,141.78,157.09,35.03990512052202,142.27,150.03,166.41,30.041520969335025,143.56,149.75,160.11,1135,1,105.4496933846188,-26.788293503952808,4.658233999235576,Kaldi,9.207937000981628,0.1287171042920601,-0.150356940545686,1.84155522009151,-0.8256016881309023
34,61.930062458888685,129.66,133.82,150.42,36.49029602416523,142.71,146.19,156.65,28.074576687133806,139.97,142.39,144.65,1136,1,64.43332105704494,-25.52333381040314,4.165630907019177,STRG 4019'14,-16.246643099113253,-0.2657960789382313,-0.0006528821168528,1.3266569060783937,0.4528808404254825
35,61.40785597055353,108.15,117.95,143.71,25.84894320365126,142.59,145.91,153.91,14.296154284527177,141.83,144.42,135.58,1137,1,4.68757316222911,-25.645186435621834,1.5449149991169366,Sj L024,-16.5625019684225,-0.3906726038838963,0.1851473098392462,-1.3163542236205648,0.3445510502135072
36,59.027381864687264,134.6,139.82,158.0,33.646344314543946,159.29,158.38,161.31,31.12377324787865,162.44,160.86,164.66,1138,1,155.3478493126123,-27.095064271749763,5.045666791601689,MH 15-39,-5.259865103378906,0.1320368348484679,-0.2584961563242065,2.16210234706747,-1.091803950907703
37,60.35102647893791,121.5,127.82,142.48,38.25911028196225,151.27,158.48,172.06,31.45113465452622,154.22,160.21,168.37,1140,1,71.53607006455015,-26.799150197680653,4.270201798921783,Sj N1123,0.4563234825031902,0.2381410353988473,-0.0739367279118953,1.3420469107941289,-0.7688442068251575
38,58.18536488014056,120.9,127.57,142.9,10.31854894479613,155.75,161.61,142.91,19.74585392529344,140.98,147.48,145.66,1141,1,54.18236674820475,-25.90065893483679,3.992355518763129,Sj M0567,-32.070794805608244,-0.6824587963913881,0.0004354484096394,1.0419054088387574,0.1431698910254226
39,54.53443039770377,126.48,131.56,144.6,22.352363459688465,143.84,147.8,151.23,20.65835492351912,140.49,145.36,148.62,1142,1,21.78636561354129,-25.936030465756183,3.081284343560256,Sj N1069,-19.55560304496436,-0.3894307473701617,0.0331677339990688,0.1085390118391664,0.121321195112749
40,46.21211711300557,115.25,124.57,139.59,18.83223211319134,143.39,146.25,150.98,26.269314106439914,144.63,149.17,155.63,1143,1,55.18429225871423,-26.08578240434914,4.0106783522574805,Sj L123,-21.955052950074812,-0.5207230030612948,0.0903161690981345,1.01563779873967,-0.0149079084734893
41,65.77599167599364,113.31,122.15,140.27,24.070016050922803,140.01,145.01,152.59,20.809710494756008,138.87,146.31,147.23,1144,1,25.977431323558125,-26.96200805427368,3.257228135051752,Elixer,-23.277889923432397,-0.2166895742796467,0.1870480980417016,0.2398923597372237,-0.8776107233913137
42,45.30895795819257,111.98,122.77,135.53,25.764992193346085,156.86,163.85,153.41,22.10131877858605,168.71,169.64,137.06,1145,1,79.59476614965708,-26.196468383229533,4.376948338799857,Sj N0818,1.3526056023810802,-0.0465528649913382,0.0998194605546382,1.3373173416886113,-0.098548217340447
43,42.4406724448441,105.74,114.37,124.86,18.427279720360588,159.21,164.02,129.27,15.42163628087517,150.58,157.43,126.06,1146,1,137.86340810956548,-26.396469471600383,4.92626339867787,Mariboss,-5.866880144014825,-0.2282798839457129,0.0092792739478217,1.8643371797699064,-0.2850264707045795
44,55.90140718142175,124.3,127.58,139.21,24.68065957043767,141.25,147.81,153.67,18.23957911629698,145.06,150.66,143.16,1147,1,34.00624577097424,-26.19538267785112,3.5265442068918404,Drachmann,-29.98911106408998,-0.5818581797695892,0.1047977063773417,0.4423227661871594,-0.0704168419485995
45,47.89298064349467,116.63,126.36,139.09,34.39146589051565,148.02,152.41,163.97,27.351217629984784,143.19,148.87,157.37,1148,1,96.26603943150562,-26.06868932010337,4.567115602728632,Gedser,-24.79703298100516,-0.2532703303342128,0.0522461176710395,1.460598940227233,0.0697993508058694
46,58.04219953595777,121.44,128.67,143.46,28.563652517357383,139.11,145.42,156.43,23.36375784592925,136.4,142.65,150.75,1149,1,115.1554610910036,-25.8996287727507,4.746283051030126,NOS 511192.01,-7.043321872185665,-0.086554252127716,0.2475652652682487,1.6174711667320096,0.252382733165259
47,50.67270091346349,116.45,127.42,143.71,28.36433974640846,139.98,147.25,157.22,22.38927926987128,137.09,143.49,148.78,1150,1,3.925672349255037,-26.510351718755857,1.3675376357376017,NOS 509011.08,-23.39617621855463,-0.1972724560611954,0.1618485996167812,-1.7835694703572322,-0.3448173778331806
48,69.26509738459688,127.48,134.85,157.69,40.59978313945161,145.3,151.88,166.42,35.65149950286761,144.12,151.32,164.29,1151,1,7.155558144456521,-26.161866130114003,1.967889417576953,NOS 511014.06,0.6791201921910957,0.0109743142720259,-0.0929626129280386,-1.205512910314602,0.0171910458153909
49,52.74710244084938,125.49,130.24,134.01,31.65535576704685,141.29,147.51,159.83,21.257343851107624,142.54,149.02,149.23,1152,1,26.47428903417316,-26.75014993202785,3.2761740368935803,512147.12,-6.50024901745503,-0.1010208637782607,0.1966365600268881,0.0804764872053076,-0.5575699210917371
50,52.82698012109408,110.34,119.66,135.2,31.45321229368802,148.81,156.97,166.32,23.3225528794454,148.54,156.8,151.42,1153,1,88.71036747228976,-26.116659799188373,4.485376764923755,NOS 511031.19,-3.992136354439952,0.1883067193065564,-0.0395853862240121,1.2673839934387647,0.0894430467544573
51,49.71651738662807,113.96,123.76,140.91,17.163270149792993,138.28,139.71,142.46,18.92679462219879,141.74,141.95,141.34,1154,1,1.889430044072792,-26.4213719438418,0.6362752196093396,KWS Leif,-32.533429291899296,-0.7948397366484603,0.1956669315670375,-2.6040127736723684,-0.2017462628922537
52,47.96611543979314,118.29,125.78,140.8,24.529359364453384,139.79,146.88,151.9,17.705784711398746,146.38,153.48,136.24,1155,1,2.698268235189469,-26.09050082814296,0.9926101728546448,Ancher,-25.009114975908595,-0.4364077481478062,0.0910356101008393,-2.2699730422237807,0.1426476878133087
53,44.3957864198494,116.9,122.89,133.49,19.76410802554181,142.0,147.86,145.69,11.805013528733037,140.74,148.42,124.15,1156,1,13.643804673488468,-26.047675872909547,2.6132855485266657,Ambition,-28.12828197336712,-0.4654224173645043,0.2158780533180057,-0.6715928883484774,0.1989954780534368
54,58.67480615659255,108.54,118.11,135.57,22.603638097075752,135.92,137.93,143.65,20.452352722061693,138.47,141.89,145.96,1157,1,6.861804133465223,-25.46098756277497,1.9259704003776448,Skagen,-24.489738250987838,-0.940353969988932,0.1881010247847839,-1.381203258294216,0.7992066231947312
55,59.80919330596244,119.83,127.33,147.91,27.52981995202685,137.27,142.79,153.98,27.14235829625187,141.06,147.0,157.62,1158,1,3.639805744595048,-26.368549491966625,1.2919303133550948,Oakley,-26.92093243599858,-0.4399252749912549,0.2940374483594036,-2.037538567113484,-0.0948324709902053
56,59.95255856800922,117.97,127.01,150.26,29.150044450492253,138.58,144.26,156.81,26.767979069562777,144.02,149.29,160.55,1159,1,8.102259435358379,-26.561850157577044,2.092142965417966,NOS 509180.09,-15.093161441893704,-0.1945203896275217,0.2522126993814821,-1.25962113684733,-0.2746103015939063
57,58.63103989359531,115.9,124.36,144.49,30.990271647332683,142.2,148.74,162.14,24.83463773827345,146.34,152.1,158.29,1160,1,18.853718317573453,-26.05816239871252,2.936710152667882,Kvarn,-13.164118996769997,-0.2277235999489698,-0.0092519336317715,-0.4373491713941351,0.2426002922773378
58,68.78047045199233,115.5,124.69,155.44,32.11771303112324,148.17,152.96,157.08,29.312268633694952,148.76,153.8,161.24,1162,1,29.26447292171956,-26.7028464665734,3.3763742520468925,SEC 312-07-4,-11.876426591776202,-0.2282380361698988,-0.0188705250710638,-0.0422755156085599,-0.3750381055701091
59,51.1849390380586,102.95,111.31,128.7,26.70714765762952,143.44,151.12,156.03,26.07927145653624,146.98,154.73,155.23,1163,1,6.947016373181395,-25.93899268529317,1.9383122685787588,Gedser,-18.02852364088259,-0.1697230625250852,-0.0120421720586115,-1.5026327208734112,0.4023385107168415
60,42.55794494499337,107.35,112.81,125.47,24.369218580667017,137.12,139.61,147.6,21.25419889679033,134.93,135.61,137.12,1164,1,54.37301170696728,-26.469503954231943,3.995867922431637,Evolution,-28.153653932533118,-1.114961468120686,0.3527259323556533,0.5326277111827493,-0.1146499232152145
61,51.42718008607004,115.67,123.88,142.89,29.67272711502204,146.71,152.89,161.76,26.998374271703355,149.34,154.7,157.49,1165,1,13.184335592844263,-26.62642783619868,2.5790294273974825,Sheriff,-18.773434455124924,-0.1684056816122357,0.1083780652019175,-0.9065060056481228,-0.2580509701752298
62,45.46277656293282,111.42,122.3,136.02,31.74392965628933,155.95,161.73,166.36,29.374693214965912,155.49,163.27,161.55,1166,1,34.31153802740953,-26.81948343519007,3.535481683245692,NOS 509133.05,-20.02637627440424,-0.3023163594327483,0.0850780903548255,0.027651028403369,-0.4375837341599045
63,58.51646242379312,115.9,122.26,139.0,32.323012702707985,158.79,161.05,168.53,21.19106034615393,151.24,152.54,149.29,1167,1,28.12098152356112,-25.91482575000812,3.336515971154113,Sj M1090,-16.892549563071736,-0.1289959903144957,-0.1023053847455729,-0.1936099054849274,0.4805967860287659
64,60.10343064590188,132.81,139.32,155.44,36.37159389528531,151.04,158.77,169.7,28.449873688965106,151.44,158.17,167.39,1168,1,14.40644197959982,-26.02436817234773,2.667675466240872,NOS 510037.5,-3.459791949142115,0.4213452337064325,-0.4382166987268727,-0.8847456321948894,0.3845771986958688
65,54.57388091657267,120.78,127.55,141.54,28.81117529631408,144.34,148.97,156.05,22.685504661496893,146.73,150.12,149.74,1169,1,22.98308526752132,-25.630611960231416,3.13475852222164,Patras,-26.595000405359595,-0.6639418211785917,0.2690932058596825,-0.4399577980108393,0.7918562458189022
66,76.56753241319574,132.66,138.98,165.8,42.702198165272414,154.37,160.93,177.04,40.048241952255935,162.45,165.33,179.11,1170,1,138.2335504291327,-26.87176014585886,4.92894464908552,Benchmark,14.935824267005518,0.5454885926474348,-0.3720594175369096,1.3319331070563232,-0.4357691048018246
67,67.49611898545257,146.06,145.83,170.25,54.73593300652129,156.73,162.55,180.26,51.00619581534441,159.22,164.4,179.09,1171,1,327.91221722488183,-26.949843649144377,5.792745942152789,NOS 511192.01,32.90954478345654,0.6183494368403438,-0.4046669971266676,2.1734391783268743,-0.5003297730806224
68,56.67877862628363,122.85,131.75,150.17,43.059257168595394,151.42,157.68,171.23,38.57275418550238,151.72,157.51,170.47,1172,1,18.803118973545413,-27.693173186981493,2.934022758923708,Sj N1123,24.540547527515127,0.6262947601143467,-0.185312746650145,-0.707579226698924,-1.2301364759110207
69,80.32696708592756,137.5,141.14,163.16,45.897947848243135,154.38,158.86,171.81,45.67094864529683,156.44,160.81,173.42,1174,1,59.41025426974952,-27.00760167969056,4.08446684227348,Sj L123,16.33694525909867,0.4377046829323233,-0.2796528022235402,0.3982744130574129,-0.5175192986066506
70,90.87470122455738,129.82,137.19,161.43,52.775057240533926,151.28,156.75,176.65,47.94307875411865,151.07,156.16,173.25,1175,1,61.4048992666138,-27.41604109884245,4.117489624585695,Informer,6.2821561810915565,0.367009197172685,-0.3687892963356527,0.4090019735729102,-0.9124358827518222
71,72.89608151521293,144.18,143.46,168.28,50.08141736404785,154.82,161.66,177.04,44.87924529814184,161.79,166.08,179.22,1176,1,64.72325325733821,-27.12824857109321,4.170120538133051,LGW 123,34.96224374485384,0.8780215383250405,-0.2983845046351989,0.4393376653235448,-0.6111205199958647
72,82.99446030601581,143.53,144.97,168.5,47.93676015006168,150.9,158.33,176.94,42.511145026218784,145.93,153.59,171.22,1178,1,135.83289622614305,-26.91014346326434,4.911425426040585,Sj M0477,20.015754972676724,0.2490060927171226,-0.2929731575686787,1.136052109637644,-0.3659697421535597
73,82.35564307026516,125.76,133.78,152.78,44.31755152869893,152.07,159.36,175.62,3.2521106925723755,190.08,188.82,179.03,1180,1,100.36107131326568,-26.96465052559057,4.6087743961449705,Tonnage,-8.108730878585648,0.2384558314692935,0.0007375480431816,0.788810636148594,-0.3934311344663541
74,83.11879129348404,129.27,133.9,160.32,44.56040534230943,149.21,156.38,173.18,2.372473413898157,189.61,189.59,176.87,1182,1,308.9067688406239,-27.71319871899104,5.733039512409039,Pistoria,-2.061274680595257,0.2407548432427786,-0.207264446369749,1.868485308819228,-1.1149336578533884
75,92.38900984768966,133.37,139.81,173.6,54.4212282469901,154.93,161.91,178.74,38.30045240628304,162.42,166.55,177.8,1183,1,15.612478221035504,-27.517728793815227,2.74807048048102,Elixer,25.31979131176472,0.5882231093215101,-0.4707244373678347,-1.1387789449055092,-0.905940897670856
76,81.0287814515068,147.07,146.79,168.81,48.42147341158741,168.84,167.66,170.77,40.38262918808242,162.31,167.27,179.42,1184,1,249.17341283154136,-27.176913960055884,5.518149091139409,Sj N0818,48.08656623512543,0.6196372756817132,-0.1275762190495335,1.6090044439561586,-0.5516032289047956
77,102.7073160725911,134.08,147.85,183.57,59.5548456666987,160.05,165.04,185.76,45.39467422524751,166.64,169.44,185.04,1185,1,71.67268177567047,-27.430293198674853,4.272109667691022,Ancher,138.46180219085565,0.6914175183815356,-0.299079535595907,0.3406697987110538,-0.7914596325170464
78,102.18402801120844,128.35,142.87,178.54,63.846591079027874,183.08,176.26,188.5,56.71015310356597,182.02,178.64,194.82,1186,1,206.5503826304883,-27.103470601549432,5.330544366324661,NOS 511085.12,85.07519116527064,0.8576455428820969,-0.3267145067159507,1.3768092755479753,-0.4511142003849073
79,82.35800030538141,152.15,156.47,176.91,55.48354817342224,174.27,171.86,189.06,51.9341004143358,177.68,173.21,188.91,1187,1,128.91983095745306,-26.949018377591788,4.8591907457258765,512068.15,29.956617362451038,0.657968246918257,-0.2406017647151416,0.8831604331524732,-0.2831391414205448
80,61.170431282157125,113.91,123.36,143.5,37.38040748630033,149.72,157.29,169.02,31.025698157537427,149.95,157.18,166.83,1188,1,11.311360990911744,-26.882556156782112,2.4258076180706256,KWS Lili,-2.807970636448234,0.0206321841424729,-0.0670435680147454,-1.572517916299495,-0.2031540856041509
81,84.45483380800272,123.52,132.42,153.94,51.605400734021245,152.28,159.37,175.21,46.40555047993447,151.24,158.39,176.01,1189,1,30.500306185031395,-26.675875771902952,3.417736722416465,Sj L037,26.66293656751446,0.6306431244526954,-0.2836201664343449,-0.6028840337503736,0.0170491342817271
82,63.02136938827561,113.89,124.87,146.87,33.3705946263267,149.39,157.66,167.0,30.13050237237432,154.12,160.7,164.18,1190,1,56.91096824324744,-27.31394489050984,4.041488086057501,Oakley,-12.454104409874056,-0.1188521093286386,-0.023687267156181,-0.0014278919060553,-0.6074971493184442
83,78.09789916456074,118.12,131.75,161.01,38.41505134803749,157.79,161.45,173.22,35.80821068710805,162.28,164.34,171.36,1191,1,62.70248869154423,-26.72058603343076,4.138401138901314,Sj L262,-10.061532189026735,0.093437063574149,-0.0967669886277628,0.0731899391410397,-0.0006154572326444
84,112.31670200967524,146.04,148.51,177.9,68.3268041856502,163.44,168.53,189.13,57.342315763868,167.26,170.12,189.89,1192,1,71.76418818154733,-27.53591717083274,4.273385579781381,NOS 511192.33,145.96506893453673,1.1471581274604865,-0.3818700416588622,0.1858791582243864,-0.8024237596279065
85,90.63411201448284,120.31,130.08,155.54,43.38121929636896,146.37,152.84,170.12,35.04834557306456,152.38,157.86,170.76,1193,1,192.8067493353772,-27.89020400199534,5.261688388489947,KWS Zyatt,-6.9079915279146125,0.0621540027665677,0.0939139779103142,1.151886745136235,-1.1431877557837886
86,93.88684286120024,154.41,155.17,180.32,62.95457131001948,177.42,174.01,194.37,57.87133354281528,175.06,173.58,192.84,1194,1,206.5016504136925,-26.904519660246788,5.330308404687273,512122.02,120.61419858681988,0.6300473088145973,-0.2554627344345549,1.1982115395368425,-0.1439805790285184
87,98.8234132765355,131.39,140.03,166.02,55.93706257553817,158.3,162.92,182.31,29.789494167841493,163.42,169.07,183.37,1195,1,106.15835330181412,-28.378896435903314,4.664931878428649,MH 15-39,34.60417076359484,0.4727213620461044,-0.5130460295005954,0.5105397914815013,-1.6048345196783274
88,87.82601638362725,124.34,136.34,169.76,42.00611071362724,145.03,153.41,172.2,16.161379421315228,166.11,169.46,170.44,1196,1,248.21594179009173,-27.852712671591807,5.514299100321458,Sj M0564,-4.635140738133724,0.0739551276045637,-0.1620995408204565,1.3376117915775927,-1.0651279203601014
89,80.01254029706418,130.55,138.85,161.27,44.83926509640639,146.06,153.0,166.19,18.492314282242354,158.48,161.75,167.23,1198,1,80.27511231303862,-25.94450784712918,4.385459639078163,NOS 510052.5,-7.831422020484196,0.0303364612189035,-0.3286075169506949,0.1641818867408622,0.8701225741159604
90,78.75116941454515,127.55,136.96,162.84,42.0441871178771,158.15,162.42,176.33,37.6762976749897,161.64,164.41,175.04,1199,1,169.89343249716217,-27.222368666193702,5.135171372822826,Sj N1069,-5.629997445794833,0.0017233571318181,0.1160587565813933,0.8915983986888074,-0.3942154099418431
91,84.58695674713267,137.48,140.66,170.68,50.23974942046034,162.09,167.44,185.56,42.46923075491209,160.37,165.91,179.77,1200,1,146.8956680453015,-26.837224709926048,4.989722593604797,Sj L288,1.07251294157367,0.2061749773754652,0.0595069327074616,0.723854397674061,0.0044513813325295
92,70.49828129063305,121.6,130.11,150.34,51.79280150679131,148.51,155.5,178.76,41.713584636863146,151.4,157.57,174.3,1201,1,138.0976010377617,-26.15345521462952,4.927960689067853,Sj N0803 ,-11.941024490687148,-0.2352540472798184,0.1341213533794885,0.6397972713403961,0.7017437116357748
93,72.35057079783738,124.42,133.3,151.05,39.63906286221549,146.69,150.86,162.57,36.04054177343542,147.62,152.4,161.81,1202,1,94.7863325792184,-27.120171008353783,4.551625227762032,NOS 509011.08,-28.769455551629672,-0.4494492450316377,0.1189945401094133,0.2411665882378573,-0.2514492470817693
94,81.76114144584722,127.75,136.83,168.98,53.1524734279062,160.7,164.95,183.95,48.13683421041129,161.72,165.7,183.18,1203,1,113.3336920337986,-26.54307162998986,4.730336493941194,Sj M0051,14.120851839115373,0.4532995883444829,-0.4053418668464075,0.3975826326203018,0.3391729662888707
95,68.46201859885883,128.02,133.88,155.33,36.06985739017797,142.13,148.05,158.38,31.26351232190764,143.4,149.77,156.76,1205,1,72.21373308298311,-26.9357386820033,4.279630236716944,KWS Santiago,-29.930360797838844,-0.8022639919587585,0.1660575471164793,-0.0977140681973836,-0.0264484157111333
96,91.7459960923374,136.49,140.88,168.14,43.716616476910886,150.56,155.25,167.19,45.176381659045695,155.6,160.56,170.95,1206,1,201.29478821998904,-27.25107643621039,5.304770441699495,Sj N1127,12.21432282738052,0.3909008861319719,-0.2492013009604476,0.90513091498845,-0.3282633349115045
97,94.59484763359868,131.94,138.84,169.37,58.81015008253405,158.76,163.0,175.22,55.81576481987963,162.99,165.41,179.18,1207,1,274.5763376920817,-26.82305370100696,5.615229319526629,Sj M0351,28.18868152732388,0.8327149276895696,-0.1857835924014796,1.1932945710188667,0.1132822352986444
98,90.97295489306862,152.26,149.89,170.14,56.418454524307336,169.1,167.6,184.38,51.34711441091229,185.46,174.87,186.37,1208,1,130.4934210643188,-26.672039398642493,4.871322812191716,Br10092p91,30.86493430159164,0.4399140008573431,-0.3001250007891153,0.4270928418872355,0.2778193726698283
99,83.04945745539233,136.38,143.81,168.72,52.45401860705848,157.68,162.94,182.48,47.7489970048311,161.2,165.49,179.96,1209,1,517.7548292213143,-27.34636715935176,6.249501827554868,512099.09,16.2119032029654,0.2683447978527953,-0.0661381885401967,1.7829766354536662,-0.3829855530327215
100,75.75663473656596,117.81,129.01,152.98,44.15452634444219,155.42,160.21,176.63,42.07860764601489,160.2,163.1,177.27,1210,1,127.08580967883064,-26.981349967646462,4.844862525061018,Drachmann,-11.321680410521598,0.0445023862087634,-0.0644550843044336,0.3560421111630987,-0.0044455263207048
101,89.16942067506932,124.94,134.65,167.92,43.82986930005508,159.81,164.89,183.04,33.760493353279976,153.51,160.06,169.49,1211,1,63.73900646965021,-26.74554401310913,4.154796721632851,NOS 511082.28,-22.72678051366609,-0.2657176917254716,0.1940430069120244,-0.3563189140617853,0.2448832632233468
102,70.46666458085653,124.72,133.76,155.55,33.79070403315912,155.82,159.51,166.24,26.775274490585616,155.31,157.72,161.32,1212,1,120.84239441942022,-27.393054596729225,4.794487171113788,KWS Leif,-4.8383143444030905,-0.2565984887074105,0.1692845339122849,0.2610763136224339,-0.3891044853900318
103,71.5578961622709,123.16,131.52,150.35,39.03753715604836,153.78,160.37,175.41,30.13933239310497,151.77,158.76,165.83,1213,1,25.89422756732247,-25.847309253122223,3.2540200700168715,Sj M0471,-17.896856902089127,0.0821570289944945,0.0501092875227509,-1.3016860092712004,1.1701636932236887
104,81.87229432976959,119.84,126.25,145.97,44.07804232904883,142.71,149.44,169.73,36.79221939511071,140.67,148.07,164.8,1214,1,64.44201792156161,-26.667010247909264,4.16576587255407,NOS 511014.06,-28.687190105283303,-0.9968945554907122,0.194637594525507,-0.4122354285307192,0.3639855334433655
105,65.71023248910794,122.14,132.06,151.77,37.792546751202,163.56,172.12,175.46,28.75416496428537,172.85,174.81,155.26,1215,1,45.287843947292224,-26.69147600512127,3.813038650943495,Kvarn,-23.52166122526145,-0.3462552516947148,0.4607621394950454,-0.7872578719380123,0.3530426112380773
106,73.4053497311674,135.08,142.0,164.38,40.555631795913,160.0,167.36,178.21,25.191387490553367,162.2,169.39,146.21,1216,1,22.557158520849622,-26.82942351921261,3.1160524666072287,Sj N0514,-23.03204804415363,-0.6378881587263803,0.4271633068975718,-1.506539278070996,0.2286179321534547
107,70.12513321077586,187.02,166.62,177.45,61.12205974843913,166.48,168.53,186.27,47.541013934427625,161.76,165.12,180.04,1217,1,53.15897921161413,-27.573995763577702,3.9732870314713296,Sj L635,12.611191236771877,0.5011343047685596,-0.2358903959007529,-0.6715999350036164,-0.5024314772049188
108,81.35181547485331,129.66,140.17,170.73,52.53218708747093,164.98,165.34,177.62,46.30561353559231,157.09,160.16,171.87,1218,1,40.27966416631149,-26.70038456428657,3.695846730335751,NOS 510032.7,4.650682317214652,0.2734224180742606,0.0209118854758078,-0.9713354579359126,0.3847025570929325
109,72.3372202801757,139.49,143.16,162.49,47.72711484474824,164.83,169.1,184.58,40.85981760978913,171.84,173.5,183.99,1219,1,64.78173937087183,-25.801432424122105,4.17102376381297,NOS 510050.19,-0.4232422841172134,0.5008869867298275,0.0239344629511585,-0.518453646255411,1.297177532264115
110,89.68924142422279,126.97,140.28,171.85,55.88068186455638,167.76,169.3,184.74,46.34861852187261,167.22,169.2,184.2,1220,1,135.73576560604835,-27.10410504200772,4.910710095902114,NOS 509180.09,18.415997617515803,0.5350480061682991,-0.2568887439138863,0.1989374640370149,0.0080277493852172
111,77.89857875109932,130.44,142.66,171.54,50.73702637648733,165.41,169.24,191.89,43.30921784397915,178.67,176.44,186.09,1221,1,405.4390138428573,-26.397902189060225,6.004970464816422,Ohio,-5.586542316560063,0.1786329041943237,0.1074887220126581,1.2709026111546056,0.7277534373394303
112,93.2975200938046,130.84,137.26,163.46,48.43425959214091,145.55,155.0,171.59,45.4369937045597,147.91,158.31,176.88,1222,1,516.8409897227235,-25.833157534238,6.247735263802119,NOS 510050.17,-7.103061238957757,-0.0117150692248664,0.1739134211481086,1.491372188343585,1.306020927168376
113,103.68010426104269,127.21,139.98,175.21,54.55133845588744,161.94,166.33,182.68,49.22879888121082,170.17,170.79,184.49,1223,1,32.06487435578506,-27.206421811475145,3.467761174170728,KWS 308,25.517140223460206,0.6398296522618458,-0.1276496706435717,-1.3108971230845237,-0.0537205150620536
114,71.92974286908995,141.57,144.68,163.3,39.98705389507212,158.09,163.31,176.02,37.22254009876544,162.99,166.9,173.34,1224,1,26.004084252615908,-27.068209859428123,3.2582536123237413,Sj M0567,-15.307132904923067,-0.2975150807682594,0.3522465206687039,-1.542699906728228,0.098014271991687
115,89.5471106862599,147.69,151.05,174.11,54.18696377100639,153.44,159.76,171.52,44.30340199622311,160.63,162.61,172.06,1225,1,72.73850803240933,-26.763893304847983,4.286870928383538,Kalmar,19.01531296918576,0.6526968647886696,-0.2890126651457458,-0.5363778124651528,0.4158536615785451
116,80.53033268549713,141.45,148.28,179.0,51.20052311709327,166.37,168.71,189.88,48.34231523830163,170.32,171.32,191.24,1226,1,49.70931267566613,-26.84903887046382,3.9061922933295614,Creator,15.91311707016246,0.2118698998133829,0.0274059780128339,-0.9393516693158466,0.3442309309694273
117,89.6472503740356,138.39,143.81,169.11,60.71199216036731,157.18,164.74,185.99,47.6651619651094,156.89,165.29,183.5,1228,1,24.636291801899084,-27.817468054665028,3.2042206322870053,Hereford ,28.700795291649545,0.4517119354464097,-0.0572929621088864,-1.685913773951838,-0.597152583218346
118,89.63322721219778,150.05,154.04,182.34,58.43022271564051,188.43,180.91,197.75,48.29860598184919,195.03,183.81,194.84,1229,1,109.49348569664404,-27.77702697928377,4.695865056132026,Sj M0498,10.8872033366904,0.2447589618288274,0.0463540992834551,-0.2165645719035351,-0.5431886728303716
119,74.38304821964972,137.44,144.44,164.4,57.98485860599966,175.8,174.99,190.48,52.26186803597814,177.18,175.01,189.69,1230,1,199.24096970049527,-26.5202706233637,5.294514995190304,Sj M0560,13.490504977871412,0.2971588841800888,-0.1309793256003815,0.3597901453580254,0.7270905180964178
120,82.20810385930892,125.64,133.36,159.27,47.25653002560894,155.71,164.9,183.1,43.13849090386917,158.61,167.92,183.0,1231,1,157.22582436421808,-26.948205575587,5.057683143629166,RGT Reform,-17.841164562084565,-0.2897584188032721,0.2841202999323572,0.1006630720001702,0.312678400879836
121,70.88050546459047,119.56,131.61,154.77,43.86709831930958,154.7,162.81,177.92,38.62809876729749,160.49,167.81,175.4,1232,1,191.1050803022599,-27.294458126254955,5.252823435415419,NOS 511167.10,-19.159728137696167,-0.3391244691374355,0.3022768390926156,0.2735081419897049,-0.0200513147814014
122,60.32331683140549,121.91,137.88,161.09,42.745618761465806,170.28,169.23,180.71,36.85130578878317,170.57,170.24,173.04,1234,1,39.84776820560049,-27.64520137058798,3.685066398789611,Tuxen,-5.881404039219982,-0.4785761630056278,0.3208207734660891,-1.3388393382295414,-0.3437488891009899
123,93.28129106334382,150.02,152.85,180.63,63.008162926830025,166.8,170.45,190.65,43.586425375497456,158.5,167.48,181.52,1235,1,175.81705969921578,-26.94748108456285,5.169444020925305,STRG 4019'14,5.544568329471199,0.1264674198612651,-0.2088515700592534,0.1232430621094353,0.3674942319308591
124,77.54769642937814,129.19,136.61,161.44,54.79031500763023,163.99,166.75,184.85,47.51310982570434,172.9,170.88,185.12,1236,1,143.78228664030328,-27.360062505684933,4.968300257173199,512102.04,-5.600860239313808,0.1007172373088726,-0.1135925904964667,-0.1001959234393883,-0.0315643541845069
125,62.38170377607125,134.74,141.99,158.85,36.551490330668216,170.19,171.78,172.61,29.61577244982719,168.84,171.03,158.1,1237,1,129.54001002568558,-27.016846744698714,4.863989791149284,Stinger,-31.51593365753404,-0.7102777484127656,0.4234539066469076,-0.2268016112600213,0.3251742418084298
126,62.65474173776283,126.33,135.02,153.21,35.407805695390394,144.42,151.85,164.76,31.593239788735875,144.08,152.9,160.83,1238,1,58.73685755501155,-27.19038051221067,4.073067426808132,Sj L024,-28.679882470489108,-0.9735032022564284,0.3960166845420302,-1.040019197397891,0.1651633093031925
127,52.28447506830862,124.12,132.51,145.99,28.660722223823534,158.47,163.42,161.08,20.60502966208813,159.08,165.46,135.62,1240,1,186.96480528536773,-26.53513382683621,5.230920392111302,RW41640,-47.67602171643345,-1.0990357919912517,0.3455197692695264,0.0732433243118437,0.8474556646910898
128,62.74668039013213,141.51,144.53,161.1,43.07320101407807,152.26,159.46,172.83,34.58467798296424,155.32,160.3,167.2,1241,1,427.2378122224838,-27.33421339000421,6.057340795485801,511016.09,-29.88038511277356,-0.4442623329711982,0.1853230871033443,0.877368505889625,0.0618989365298077
129,56.144566155153896,122.88,129.7,141.87,37.083470396308726,145.0,155.86,167.7,31.91398363876808,149.37,157.71,164.9,1242,1,79.93741247321856,-27.09616906374218,4.381243984398272,Canon,-35.8115491998141,-0.6288202161438219,0.3751623657693193,-0.8210235269946251,0.3134660977985533
130,68.11466456590622,128.75,134.36,152.77,38.01093482535654,151.41,158.57,171.81,34.798817226521514,153.2,159.57,169.66,1243,1,166.08912805449927,-27.049050212146973,5.112524560259685,Kaldi,-23.52060645416323,-0.4333337450267933,0.2383818091587988,-0.1120381729299291,0.3741077844004792
131,75.95902351357003,134.83,144.56,171.54,47.11224778336637,159.71,164.21,179.99,42.856318939265314,158.78,163.55,175.31,1244,1,61.13073461365589,-27.373639397782554,4.113014761204742,Torp,-9.690805133951317,0.1236478627301771,-0.1688973118838713,-1.1338431937815905,0.063041433771616
132,68.76145518542347,125.03,132.06,152.39,44.2149786443293,150.66,159.26,177.14,41.660568955791,147.91,156.94,173.63,1246,1,117.58112289228863,-27.316302222680843,4.767128502956477,Sj M0493,-22.820264433957814,-0.5436616480079723,0.3154780408564999,-0.5243198956232904,0.1474242788867634
133,73.62316815486076,120.03,130.49,155.98,45.58254817053696,157.09,163.86,181.54,39.449988654322496,152.64,162.72,175.37,1247,1,37.69009682241855,-27.6163669908038,3.629397376191068,Hardwicke,-21.488715592043263,-0.6509124163466231,0.289334715903335,-1.684346244185417,-0.1391176542294765
134,83.70447984260777,157.28,153.86,178.44,64.66634287913116,184.08,181.43,193.56,49.27969166255573,184.43,183.86,195.05,1248,1,335.4254008877216,-27.93921603481194,5.815399579639335,512147.12,13.296555440536835,0.0370393748372147,0.0541493397237158,0.4793607374661324,-0.4484438632308958
135,87.65463507463285,195.53,170.49,188.73,66.2708956758053,182.47,179.86,197.1,61.27258096647184,190.23,183.49,196.92,1249,1,195.62844207509573,-26.43968193169737,5.276217156411677,LGWD14-4219-B,48.63706285487564,0.430166897763639,0.1584041802959498,-0.0821169075582428,1.0646130748903886
136,91.10994261802288,149.31,149.43,175.95,48.07698519489657,162.43,167.13,185.21,50.78298009137298,164.24,168.66,187.58,1250,1,129.7206961247538,-26.716983171836127,4.86538364778884,Sj L632,0.3508587610251351,0.0734605133148451,0.1203790612065219,-0.5152456379778014,0.8008346697583519
137,69.18722250501784,118.4,128.02,143.68,36.81863184293336,138.83,150.2,167.38,18.062263336111023,171.34,174.75,160.12,2102,2,7.578565640822069,-27.371405026788576,2.0253239523051314,Sj N1123,7.698610354959193,-0.0401505029565874,0.0017570100213483,-1.103724880626204,-1.0974293020158257
138,39.54748095324294,103.64,110.75,125.51,29.28189821972296,134.76,138.23,145.55,9.319560294948698,143.24,143.7,145.73,2103,2,7.60669258134369,-26.061844815266,2.029028462597487,Ambition,-25.060195820812982,-0.7195157298689884,0.1912679314397074,-1.112999491387904,0.2158332273303393
139,64.78299480755174,127.95,137.8,153.85,40.7685422875188,148.56,152.96,166.01,25.29896400022715,152.15,156.89,168.03,2106,2,12.12788277057941,-26.968884161409893,2.495507162839069,Canon,4.722362590703776,0.3436121795304354,-0.0652764973736118,-0.685458154308495,-0.680099165342785
140,77.81099533934761,129.33,138.41,163.61,48.96724184277231,155.75,161.43,180.19,26.497003410996456,158.44,165.1,173.87,2108,2,24.111625484243618,-25.869068409992853,3.182694109424577,KWS Leif,30.27632345541158,0.2668185834653536,-0.2285344537590105,-0.0242294498311008,0.4271212217214319
141,93.61701719390555,127.68,136.26,162.43,58.94486119661465,156.82,163.26,187.59,30.226889623237376,163.3,170.63,182.44,2109,2,56.31457154869982,-26.33332994264265,4.030953321350321,NOS 509130.20,22.294612188057503,0.5430907599459688,-0.2902935407230809,0.8110506410405875,-0.0334379931047763
142,97.309043421136,126.86,136.29,165.17,58.57151920113253,152.7,159.69,187.21,24.68446546540608,157.9,167.49,172.16,2110,2,1.86736990534326,-27.655048462381444,0.6245309731314979,KWS 308,50.85474148748104,0.1608958869753598,-0.362821277018585,-2.608350828232294,-1.3514541950199828
143,83.1629464249383,134.77,141.73,166.87,53.83381335946851,157.13,164.59,189.11,29.09931685718652,167.91,175.03,181.26,2111,2,30.95031704622806,-26.309888856981143,3.432383242898107,NOS 511192.01,3.897050389357463,0.513990861916001,-0.2433593855014645,0.1865223204802597,-0.0025922717960931
144,66.97234544387922,121.09,127.76,149.98,36.10946311660339,146.54,151.72,162.0,18.01469346169018,156.68,157.5,160.42,2112,2,1.0858355865195002,-25.652952914310845,0.0823498164221186,Sj L024,-1.5524972575058762,-0.0734700969978395,0.0606583025127743,-3.176490227049788,0.6580459886977934
145,51.14448772631872,103.23,112.04,133.9,33.17838244569901,149.47,153.07,159.62,18.587494659873123,153.56,154.85,158.15,2113,2,15.690018247404929,-26.24926639294987,2.7530247297401176,Sj M0471,-17.292724086769198,-0.2715269498124309,0.0372058580168346,-0.5187944347858475,0.0654348278823562
146,92.2406723891742,134.54,142.55,172.77,53.55670272639279,157.23,162.84,179.81,32.480477701226405,164.52,169.12,178.24,2114,2,215.9269456497269,-26.82521388342272,5.374940135892115,Sj N0818,53.54242409050986,1.1006687294926825,-0.2911859169063541,2.0901418503120945,-0.506810344766901
147,64.28073530008007,108.04,120.12,146.95,55.5779440888811,150.66,157.86,180.57,31.28038403693496,161.81,167.69,178.79,2115,2,18.46144951195656,-26.51498691280223,2.9156847477664947,Gedser,13.45677401821947,0.3459946889418097,-0.1375294574088577,-0.3820926588675846,-0.1928810563228253
148,54.52200546451626,115.74,124.35,138.68,25.35207607987978,136.0,139.93,143.67,5.925699577681168,141.34,141.31,142.33,2116,2,5.986974157315196,-26.729255209886915,1.789586135467421,Sheriff,-34.309891359410805,-1.113844188158485,0.3020841501558122,-1.5211703922207136,-0.4034470355839232
149,65.60193491383252,110.27,127.65,155.47,44.47887119535829,157.51,162.56,171.67,23.656748930232546,162.22,168.75,173.86,2117,2,2.5138890591044545,-26.177009102406704,0.9218309799598274,Oakley,21.115051606666604,0.2744585422052851,-0.131293156015305,-2.401904668782366,0.1525013897198768
150,62.69844980731202,106.6,114.09,134.22,27.656343754949795,136.99,143.05,150.63,13.004269068943913,148.27,148.68,151.16,2118,2,7.253317416922853,-26.124509945584204,1.981458938959162,Sj M0351,-35.493869826930215,-0.7697602865717209,-0.0047001539136602,-1.3552558308370868,0.2087028643659643
151,57.21890081171052,110.28,119.62,141.42,37.80715126225737,154.65,159.33,171.0,22.42691296092272,159.31,164.5,168.92,2119,2,165.32637703236716,-26.52900770342538,5.1079215627706605,Stinger,13.945579955576434,0.3699654913697436,-0.2022664156572937,1.758227671920353,-0.1920925756516212
152,59.33819691377106,108.14,115.5,129.27,31.69269478026502,145.26,152.13,164.21,13.941014509877132,155.19,158.02,161.21,2120,2,396.5999179459353,-27.41808722450046,5.982928009191916,NOS 511167.10,-17.61583443124996,-0.0773567821763894,0.1193369101667231,2.620254997287553,-1.0774697789031151
153,65.84781200528488,107.97,113.64,130.53,44.262087376408935,156.0,160.79,171.76,28.22737611725906,160.99,165.31,171.78,2121,2,155.81891912914392,-26.8309889930193,5.048694558215478,Br10092p91,6.292239692287737,0.3312998024530986,-0.2564457399590844,1.673042425257056,-0.4866692295983661
154,64.98267182073059,107.73,115.1,135.9,38.85741779331558,157.07,162.84,177.22,27.500356128168946,163.06,166.66,177.61,2122,2,82.58583206772184,-26.760463813683103,4.413838141211054,Sj N1127,-2.077906742014539,0.2704488015231852,-0.084804525935601,1.0252068871985769,-0.4124417324385803
155,60.48083001102763,114.22,121.15,136.92,20.11597593998744,135.32,135.89,139.34,6.6812249753032935,156.54,160.41,132.35,2123,2,15.991387467731682,-26.37309352036418,2.772050294046564,Mariboss,-38.81903650066364,-0.7128564866579772,0.3363175378820295,-0.6295600810199717,-0.0213691212960682
156,56.113763253057954,107.8,117.05,138.14,28.254192136628724,138.75,142.17,153.65,11.892101450474408,153.17,156.77,152.95,2124,2,3.0069356297417,-25.35649548769134,1.100921496973705,Skagen,-32.054952721214434,-0.705168070171188,0.2077653256895869,-2.31366799914689,0.9989312292003588
157,55.95539044161449,106.96,113.93,133.79,25.23040194690564,137.03,142.51,152.84,8.443611750391531,149.94,151.48,151.06,2125,2,9.99348377394838,-26.4494990875344,2.3019332579906,NOS 510032.7,-37.58982836366247,-0.8806338230984003,0.503178361014628,-1.12563535918405,-0.0903700528191109
158,67.94909471295773,115.81,124.82,148.31,39.025934707190416,146.7,152.78,166.06,22.017407262817187,157.51,161.0,167.16,2126,2,45.58452186088777,-26.88868476009244,3.8195682260246944,512102.04,0.7364340556111102,0.2669617192148396,-0.2590106789154491,0.3790204877959855,-0.5258534075535621
159,68.48501150179885,117.73,127.91,139.46,42.8161485928419,143.85,151.39,169.55,17.3937848696491,158.96,163.06,166.92,2127,2,51.07878761637736,-26.580599667737083,3.933369295886132,SEC 312-07-4,-4.5302500848916205,0.2682728170496093,-0.4470489531897411,0.4798424366033678,-0.2140659973746146
160,64.15122120642388,119.34,126.75,146.84,44.81955605289692,149.06,157.33,173.17,26.329883578440672,167.35,169.29,174.35,2128,2,15.12224887862315,-27.48924286711921,2.716167095050054,Hereford ,5.4200339213186055,0.3044081635295708,-0.2161498275237854,-0.750338885286769,-1.1190068789331526
161,92.64140220426845,125.72,134.97,168.51,55.42648141981997,152.53,158.12,176.74,32.34023057698936,159.41,165.06,177.7,2129,2,135.47596903535816,-26.331425882828363,4.908794274298773,Ohio,34.91053680647862,0.6858362693157711,-0.5574808222391765,1.429309172907895,0.0425124231812823
162,83.61023432055168,126.93,137.0,166.64,51.45501921129448,158.1,161.31,176.44,28.180321562433303,159.55,164.66,173.61,2130,2,97.58796742120148,-26.8862702394232,4.580754201200036,NOS 509011.08,21.798537019537736,0.5147947325369976,-0.4108550082832031,1.0882899787550988,-0.5086296155899674
163,108.03336814900165,132.4,142.56,182.08,68.58875239017746,167.82,172.02,194.43,38.76082678095413,178.48,180.76,193.58,2131,2,334.77900206267253,-27.509775136671465,5.813470618795046,MH 15-39,35.66449444663106,0.483461496180768,-0.2156299707613294,2.3080272752960536,-1.1284321950146428
164,57.74087949554625,108.85,117.74,128.41,36.39996648594396,150.93,159.22,168.96,22.83396698167646,162.93,167.79,167.77,2132,2,21.23322180062982,-25.518657101103035,3.055567021178621,Kalmar,-5.307987035869144,-0.0569039629470629,-0.0589471256655812,-0.4628554433744303,0.8663881583773758
165,75.34311281153504,126.37,137.77,167.26,49.6449240809322,158.31,163.55,180.0,34.02976577791266,171.24,174.07,186.3,2133,2,472.8246634451043,-26.934013843224136,6.158724629378367,Tonnage,23.30119473392354,0.682807414271258,-0.429446031025165,2.62732304377126,-0.5452662659201373
166,86.55717154890863,127.93,136.52,155.12,51.361616594281415,150.48,155.69,174.55,35.49133606167699,158.97,163.86,180.7,2134,2,31.88317388356129,-26.93171530314752,3.4620784061673184,STRG 4019'14,17.269648095303943,0.3339031850122568,-0.2255467423786592,-0.082302300493847,-0.5392654080199328
167,63.29751717624858,111.13,122.18,149.52,32.53835059522318,165.82,164.65,171.43,22.432349627140862,173.51,172.33,177.23,2135,2,241.27190072463807,-27.66498788840787,5.485924516304576,Tuxen,7.590985915149808,0.3584737156798671,-0.2400759734019862,1.9285646885893517,-1.268835675456696
168,48.67259884749366,109.79,117.56,129.59,33.43457100685408,143.43,151.84,164.08,22.03318581448928,161.5,164.07,169.2,2136,2,162.05068059494965,-26.700624885320543,5.087909129485862,Sj L624,-17.397297524473238,0.0171727174366489,0.0535115526993974,1.5175701807165822,-0.3007703545457794
169,61.64086861337758,120.28,127.2,145.32,42.464261817027335,148.6,155.22,172.98,21.8497126836929,160.49,166.98,171.26,2137,2,282.8642516126697,-26.964530491761824,5.644967106281449,Informer,-13.493235661651449,-0.1778826885673688,0.1225074770758884,2.0616490364581104,-0.5609736431634715
170,44.43873193036305,105.21,112.31,128.56,28.77098172443635,145.81,151.82,163.19,14.835094760752412,158.5,161.35,163.61,2138,2,216.7723124566089,-26.155561074979595,5.378847551338874,Kvarn,-26.49890851341084,-0.2950135272712317,0.1207468675303513,1.78255036046148,0.2516980914423463
171,74.70504503702267,118.34,129.77,161.83,45.82128874302667,162.77,164.04,174.74,29.035277941398853,171.94,172.27,177.53,2139,2,151.61085939063614,-26.77353516914645,5.0213171025071865,NOS 511082.28,26.644283800870213,0.7081553304598047,-0.2344142610273326,1.412040790575734,-0.3625736849009193
172,72.96329999613319,108.55,112.24,127.45,37.40212875570139,155.33,162.17,170.92,22.93869205503497,173.03,172.0,174.62,2140,2,76.05204586504745,-27.31488667870697,4.331417919921994,Hardwicke,14.868036633928169,0.7188458606803337,-0.0756935693880371,0.7091624869364859,-0.900222876637848
173,58.98406246219933,110.17,113.2,136.94,32.48972715430326,151.25,156.82,164.93,18.806670030121104,163.1,167.28,165.75,2141,2,161.01458057875297,-27.09941871271252,5.081494923484868,KWS Zyatt,-10.63415266785836,-0.1296784066067407,0.2263041686717305,1.4462603694453016,-0.6810525928198103
174,66.74344734629372,108.99,117.07,137.62,28.26563442667794,139.39,146.2,155.83,12.27107203579169,165.46,169.46,144.37,2142,2,30.55494945774906,-26.17574741445065,3.4195266842054046,Sj N0514,-33.30663324010218,-0.7127688379231872,0.1536982682255413,-0.2286869908882174,0.2463210232656472
175,57.952117574213645,112.73,120.25,135.82,23.70179940070326,142.55,150.92,150.08,16.885914657870813,159.34,168.17,157.94,2143,2,42.679894787762414,-26.43379273254253,3.753727961289053,Sj L123,-30.58300537030193,-0.4551983625877943,0.3553688124731555,0.0925351651413719,-0.0080219770026417
176,52.32046250931958,106.33,116.14,134.02,22.96328028095485,136.85,143.03,149.21,10.631932198062405,156.16,158.99,147.3,2144,2,12.851659803863985,-26.114280980367624,2.553472970615685,LGW 123,-37.16171920981871,-1.078025673014182,0.3156073869169433,-1.1206989465860513,0.3151920929958507
177,57.78479068922172,114.71,123.31,136.46,33.46572712766355,146.53,154.24,166.49,16.63506816737845,156.52,161.12,163.67,2145,2,46.75886760769885,-26.765927537078845,3.845003919195548,Sj M0498,-11.764466882939898,0.2459097156632828,0.0489040685794144,0.1578528809397528,-0.3327521458917815
178,32.75718799402286,105.6,111.25,119.2,42.06679310221294,146.69,153.27,167.61,18.21705847984468,150.96,153.62,159.34,2148,2,10.397096751964073,-26.92481403381291,2.3415266087103563,512147.12,-25.47403880050745,-0.3178570592597624,0.2538974698234869,-1.3845617927076117,-0.4805316891550824
179,68.96278410569812,131.43,136.14,154.74,45.16293475439672,143.83,149.91,162.34,21.25607295294739,157.77,157.29,160.06,2149,2,4.46525256696374,-25.577032853328404,1.496325778677995,Elixer,-17.119544664461895,-0.2177089316074546,0.1653207290425177,-2.242741743794028,0.8709518091530128
180,70.24300962757127,117.02,123.37,141.81,30.06080314819165,140.05,144.7,151.7,13.042762710678891,150.72,152.29,154.38,2150,2,89.68803045358122,-25.26727120838066,4.496337320401467,Sj L037,-38.77656777988452,-0.5423883799848137,0.3129797777171738,0.7442906768753845,1.1844157719243462
181,76.96927958161177,128.63,135.13,157.95,38.87088926031745,142.36,148.15,160.47,16.920475474822407,152.73,155.66,159.96,2151,2,29.86943250211017,-25.833421910219684,3.396835633122534,512099.09,-13.26510956457805,-0.4543094221565921,0.1686324079034765,-0.3681901314576037,0.62196738790891
182,87.04423351658025,124.95,134.22,163.04,46.27147704000377,148.43,156.39,167.0,23.661960942137,165.24,167.93,168.98,2152,2,49.187309100902254,-25.060385094025868,3.8956356451210894,512070.03,4.783199651357027,0.2188234824913147,-0.1171983032664609,0.117630759486893,1.3987065219263144
183,69.21329864213348,116.88,124.42,146.16,32.68945127149193,138.96,144.31,156.66,13.24064781437704,152.11,155.43,157.21,2153,2,16.17778554975136,-24.8684802984315,2.783639038836706,NOS 511192.39,-29.051343516977575,-1.002509413056199,0.2060209427997702,-1.0073449678515458,1.594313635344271
184,44.656196437511525,111.55,117.14,129.17,21.569281506940207,145.01,150.61,148.79,11.859709878259832,153.1,157.59,150.51,2154,2,3.144439127522168,-25.08212369065775,1.1456355364175326,Julius,-35.60354681438949,-0.7796259006870958,0.3338767798491865,-2.658327591324778,1.3843725609416104
185,57.72422836429717,113.99,120.41,132.12,28.456229616552893,158.96,164.54,158.84,17.31585447360694,171.14,172.29,159.25,2155,2,44.47646784147401,-25.35368664408821,3.794960236750379,NOS 510050.19,-16.427342550077025,0.2574353642198229,0.0722150893060647,-0.0219820120459868,1.1165119253347378
186,55.794342571147,118.9,126.73,143.56,39.66579978791883,155.43,160.5,173.66,20.690540087197995,162.9,168.2,167.18,2156,2,25.55346377355761,-25.9674488955038,3.24077287589784,511016.09,-16.39908823719166,-0.0067893075647583,0.0248343037779581,-0.5891484939525848,0.5064519917427397
187,69.49558344126612,119.44,127.38,151.81,45.996398267926224,142.55,147.3,162.09,23.588389483537583,157.1,159.05,165.69,2157,2,4.9121673401940695,-25.69356895067061,1.5917152578936389,NOS 511014.06,-14.592473042864322,-0.2774333201002004,0.1514913873934357,-2.251185233010845,0.7840342543995149
188,85.12623951566057,127.86,134.87,159.15,61.56873298100116,151.98,159.15,181.39,41.74462996458542,165.89,172.56,187.54,2158,2,534.344813412727,-26.61228349721893,6.281041348575389,512122.02,35.288914614485805,0.521301011656667,-0.0349717018651632,2.4251617366168503,-0.1309779743252157
189,82.39476461205841,127.05,135.87,165.79,49.05671754372971,146.22,154.31,172.66,29.752171682511005,161.56,167.04,176.25,2159,2,324.8193640498056,-27.054988780450145,5.783269224890361,Sj L288,20.31216635714912,0.5721737196474891,-0.2639021561980694,1.914410491877764,-0.5699809397328437
190,69.24351274446354,120.53,129.14,150.99,37.21778728589108,137.86,143.99,157.39,20.933225841279743,159.4,163.09,167.82,2160,2,155.15226553972423,-26.21903432445163,5.044406993041881,Sj M0493,-10.41953364800047,-0.3583468129471003,0.2185269461612585,1.1625691389752282,0.2696758340892593
191,70.76473090517361,109.59,117.29,134.63,32.53950059642273,141.57,147.92,159.6,14.156176706601434,161.91,166.96,151.57,2161,2,6.812525610854476,-26.06834270895236,1.9187629193737787,KWS Lili,-33.87780463620927,-0.7584131434941386,0.3312874169843509,-1.976054055746933,0.4240697674121172
192,72.25808675428112,122.43,130.74,153.31,39.68660888048947,146.09,152.83,169.05,18.04843824550698,163.01,168.29,162.63,2162,2,274.56387997682543,-26.306835582790708,5.6151839478169725,KWS Santiago,-16.33280031646538,-0.3251021546622519,0.0155077036667954,1.7073878516422054,0.1892792113973591
193,75.0183518822486,121.66,129.5,153.91,40.34637095905403,147.43,154.76,169.12,20.989700749813665,163.09,166.9,171.28,2163,2,542.7898565026733,-26.26846989759678,6.296722240429201,NOS 510052.5,-5.885761701690805,0.3807007960297967,0.0494057732571016,2.375947023200375,0.2313472144148747
194,93.3577834494133,133.13,140.59,164.24,48.81417441432414,146.3,152.94,168.07,24.716422011521352,159.03,162.62,170.35,2164,2,273.075762279315,-26.87865784867479,5.609749274190747,NOS 509180.09,7.2407951171566785,0.214349157213201,-0.1829814658477949,1.675994935907866,-0.3751384188395441
195,84.73250818158725,131.24,142.61,172.09,62.54867113939336,164.53,167.19,190.09,43.04937133832408,165.89,171.13,189.57,2165,2,48.32952068563375,-26.13268852281289,3.878042568274889,Sj L262,26.219364109044182,0.4506645614847007,-0.3587269633534568,-0.0686908910620509,0.3745332248459441
196,69.25809503117269,132.44,138.55,154.25,41.589145908265095,146.41,156.68,174.18,24.82424594657262,181.17,179.57,174.47,2166,2,39.927745204672846,-25.121062482199388,3.687071450777303,LGWD14-4219-B,-14.57799402986934,-0.4529724604079175,0.1155329982676445,-0.2726411296136923,1.389861583283036
197,68.64367757834486,123.39,136.99,164.27,42.670780692534215,160.19,162.86,176.43,22.52817212656891,168.7,171.66,171.15,2167,2,18.7005801472424,-25.88626837194008,2.928554547296015,Sj M0477,9.330631529877024,0.2350530905873014,-0.1941675377138689,-1.0441371541490394,0.6283580113659362
198,50.16238833609153,109.99,124.81,140.14,28.49395079858981,145.2,151.53,160.29,13.630978843289878,156.27,158.63,161.19,2168,2,9.303844833655624,-25.596115334825395,2.230427737697202,Torp,-32.935001248441026,-0.4128436536979412,0.3078405941501327,-1.755243084801911,0.9222133663042058
199,50.33399293284423,129.01,137.68,147.39,37.45229762230924,143.19,149.98,163.33,16.94007716977177,153.51,156.46,161.13,2169,2,96.81013397174875,-26.269371500711102,4.572751678593731,NOS 509133.05,-23.292867432944604,-0.3089890870464698,0.0238522167215169,0.5741017350405624,0.252659518242087
200,63.6314770803483,120.82,132.98,152.29,50.74567198455948,167.7,171.28,188.74,34.696609411481745,181.92,183.92,191.62,2170,2,26.73475554609964,-26.29643367977822,3.28596442476808,512068.15,54.62690373684061,0.3419470376038483,0.0438336568490425,-0.7256646398391471,0.2292996569985561
201,50.71238067707408,118.68,123.33,130.96,29.578963669397872,140.17,146.7,156.5,15.535055882096628,169.22,176.12,149.44,2171,2,6.529916862586294,-26.07572809464163,1.8763942115972296,Patras,-36.684048157208906,-0.930257214106914,0.4630564318403095,-2.1482139740640527,0.4537075599587368
202,42.2531774219451,119.12,124.17,135.4,21.762245900962395,145.44,155.48,146.13,10.875569140440934,163.96,168.71,139.67,2172,2,4.492890862158259,-25.744346851163005,1.5024963391538415,Evolution,-43.021496970111485,-0.8253616318453045,0.6931607350362907,-2.5350909675615,0.7887911212609531
203,28.529712312003696,107.04,109.08,111.15,27.70607889621924,145.8,151.93,157.42,15.057477802857642,163.39,164.95,154.71,2173,2,9.86949771822748,-25.62329459517356,2.2894489624065404,Kaldi,-31.593152413060185,-0.2775233568851922,0.2624094511274034,-1.7611174653628563,0.9135456950739852
204,59.40494251691397,128.85,137.06,154.44,35.743462183829955,158.58,161.57,173.89,23.07105305578559,168.52,171.04,177.6,2174,2,241.90062555947844,-26.18432410912137,5.488527003637766,RGT Reform,-9.590001963931869,0.0252811854811769,0.20430802333592,1.4249814548143105,0.3562184989497652
205,72.17122123878383,126.92,134.69,161.42,42.11785892646162,171.56,172.28,180.51,28.67210856464376,173.75,178.41,177.39,2175,2,99.0185869635396,-26.16699407500408,4.595307579618768,Pistoria,5.08529662935568,0.2143526788338418,-0.1133909566510028,0.5187829097412573,0.3772508508906433
206,88.78625378964185,147.64,153.14,184.03,68.29961683737884,180.47,179.45,204.52,49.24986689162176,204.71,192.19,205.72,2176,2,154.09563985234084,-27.094399007882863,5.037573447651548,Sj N1069,71.41316257621249,0.5646241572959566,0.2273796682226385,0.9480696567199782,-0.5464517641645514
207,83.26279413398781,160.53,162.42,184.22,69.02656724623174,168.92,171.57,193.98,54.80107580049157,189.97,186.33,208.15,2177,2,137.73642616206146,-26.76281965407404,4.925341903519317,Sj M0564,49.74924297301417,0.5918150018602002,0.1450644791425649,0.8228589915336917,-0.2111700925321393
208,100.214872317805,140.91,147.15,177.59,79.45890805342808,163.24,167.31,194.96,52.02035186059612,174.46,178.96,199.43,2178,2,416.6613752083812,-26.88937323775616,6.032273842047712,Rockefeller,59.53458997243234,0.5393446405950406,-0.4156398693209283,1.9168118090080288,-0.3340213583906681
209,73.98578085936758,121.87,130.28,156.79,59.36509538980224,171.5,172.06,193.74,42.44635877583131,181.77,183.43,198.3,2179,2,29.215387208376285,-26.157270217394725,3.3746955296709675,Sj M1090,17.144407110121733,0.2224888013441427,0.0610643803101644,-0.7537456244227752,0.4017839797943523
210,83.96716009941758,129.91,137.52,165.9,61.249646751597886,168.24,170.89,190.97,37.4708152601476,184.75,183.57,192.94,2180,2,530.3891900584274,-26.95219534643192,6.273611057929474,Sj M0560,17.82376514990716,0.4366368482509262,-0.2211417504631588,2.1321907827816764,-0.3894388314192518
211,67.78297428017608,135.79,141.49,158.21,67.53587473699912,190.72,180.88,200.02,51.18957365127151,215.99,199.15,211.2,2181,2,144.12423827524637,-26.83967991546722,4.970675693407842,Ancher,50.9002043621556,0.5449429217299425,-0.0704407062310075,0.8162762972059854,-0.2732210826309647
212,76.63596316758989,127.75,130.45,144.02,64.92585555468636,182.18,179.96,193.45,55.09031271658402,215.05,195.09,202.65,2182,2,119.4992576546401,-26.275488720559128,4.7833101592572085,NOS 511031.19,71.84347410515514,0.4837522393407814,-0.1141199363088379,0.6159316420012964,0.2946724301007144
213,66.64950937810656,117.67,126.48,147.18,55.614342185135285,164.84,169.04,189.85,47.00576226085182,183.7,186.52,202.83,2183,2,7.523946083318036,-26.74976356229532,2.0180907454532515,Sj M0051,22.88494921958336,0.5353614471848092,-0.0536024569251746,-2.1622668928567195,-0.1759000938118866
214,110.47336930201834,141.58,148.97,181.31,77.51920060695201,168.79,170.91,194.71,52.13891412647803,176.18,179.88,194.48,2184,2,46.46633282131968,-26.45458166758521,3.8387280250124114,NOS 510037.5,70.39160268402745,0.9895660820089062,-0.3932676362509046,-0.3546087343516149,0.1229841187218099
215,75.40487408078545,120.92,132.45,157.59,44.86770626915632,150.53,156.81,174.42,23.40383210801977,158.09,163.71,171.88,2185,2,2.7747941449684204,-26.244973244149424,1.0205765624534155,LG Mocca,-1.933613289872155,0.2973028510372577,-0.0528960751099207,-3.1857393179646696,0.3362948599811837
216,81.93017251539783,116.85,130.86,161.71,48.12203712971482,161.15,164.26,181.79,27.23108305722939,178.04,179.81,175.63,2186,2,324.82386231189884,-25.942132326966657,5.783283073297951,Creator,-7.212176720391309,0.1408084958580149,-0.1235813859557104,1.5639880718258103,0.642838094987539
217,99.99502737467004,164.0,164.29,196.69,73.26954738818722,203.9,184.85,200.22,47.28653937707203,198.33,193.06,204.82,2188,2,263.0724420896356,-26.583587582923244,5.572429439457438,Benchmark,127.0161862356318,0.701953362224058,-0.2628996537475903,1.3271761958771835,0.0087874746781295
218,107.0739779799961,147.25,149.65,181.09,67.75397042020302,174.49,173.23,181.45,49.245177624995314,171.23,175.46,184.56,2189,2,178.9742087478541,-27.27381536334441,5.187241710251965,Drachmann,28.18333357987521,0.5770871919947017,-0.2950839634097436,0.9290093456176516,-0.6777379879194498
219,89.79502298596803,144.91,152.06,178.59,54.89601392189475,178.95,174.2,187.5,38.03991193141192,176.02,177.44,189.56,2190,2,482.1229951353286,-26.725219402718512,6.178199258127894,NOS 511192.33,4.423691605738847,0.4310333014784526,-0.1980787087145291,1.906987772439522,-0.1254397094699619
220,64.98311856291483,115.93,121.33,138.87,34.78242717909911,152.24,156.9,168.66,20.271776769201303,156.89,161.37,167.09,2191,2,80.33565300491455,-26.5005777199581,4.386213519985503,Sj M1090,-33.463440713627335,-0.4945910389188471,0.2056745384793615,0.1020229132430756,0.10290429111404
221,66.96968011095375,121.9,130.96,157.33,36.89030249103264,145.53,152.21,165.67,19.2798712328448,157.31,160.27,164.07,2192,2,282.39967833813904,-26.726571823394803,5.643323366589185,NOS 511014.06,-26.223875883538117,-0.0929995330735471,0.1114095533388075,1.346153638792699,-0.119387494499076
222,64.41782703765294,134.55,139.22,159.75,45.390604784221146,161.34,165.52,179.22,27.84356616967724,166.89,170.44,177.0,2193,2,107.9646017034948,-26.673098806173822,4.681803411393836,Ambition,12.198296393867876,0.3582821790628513,-0.0428684350512139,0.3716545625432941,-0.062212159454507
223,79.14010607027397,129.82,137.74,164.32,51.89674775198432,168.11,167.68,181.87,36.89001296924519,170.97,172.99,182.74,2194,2,83.94469840631933,-26.52593187606205,4.43015822972855,LGWD14-4219-B,10.131223987983818,0.3708236251975041,-0.1741040247036741,0.1070302598239489,0.0886570884808541
224,69.15781295557423,128.05,143.1,159.87,59.38208447299528,212.55,189.79,201.04,36.05667033527673,204.25,196.1,197.01,2195,2,41.51933717708033,-26.91237491770833,3.726159274787056,512147.12,17.869205835233604,0.3760807763070878,0.0414491130256529,-0.6099478161715997,-0.2940836353418383
225,77.16194384016767,131.91,136.48,153.04,62.28725137930201,158.15,163.49,181.48,36.45188837739179,166.57,171.4,181.03,2196,2,54.81581117858958,-25.78185073955998,4.003978677495335,Patras,10.741275728592006,0.4112739924978745,-0.1667086231147507,-0.3451075345173793,0.8401428606300989
226,86.74404192603134,130.91,137.43,161.6,56.80096592176699,168.73,171.15,193.59,37.31041084691096,166.3,173.23,189.37,2197,2,280.30275849545984,-26.2770946963416,5.635870299347648,STRG 4019'14,-5.5992495938385085,0.1512565102360414,-0.0093283846361221,1.2738049662808777,0.3486012216720695
227,71.42827712425559,115.65,122.32,143.17,44.677260242004685,157.22,164.51,182.08,24.40327017230985,169.82,176.65,173.96,2198,2,34.12629525595234,-26.15427058523114,3.5300682090031885,Sj L037,-29.9843044945908,-0.4714820931585861,0.3560258456250584,-0.8449762451176404,0.4751276506061224
228,75.96531420432433,139.18,141.86,162.39,53.42608909445036,161.2,167.74,183.83,27.461201276196107,171.39,176.17,180.59,2199,2,68.56990832347827,-26.13168437656164,4.227853784318251,Canon,-3.9271633634570384,-0.1110472657924845,0.1422119908301841,-0.1601697908566368,0.5014161770992089
229,77.55870965191656,122.61,129.76,155.8,44.35910496202811,143.53,150.47,168.15,22.30794761089568,160.27,164.36,165.36,2200,2,29.79141374389585,-26.48044186828196,3.3942202225946403,NOS 511085.12,-18.354581071529537,-0.3518393216678573,0.1693796509590781,-1.0067824736343027,0.1563610032024804
230,86.34072922708116,120.04,130.25,156.11,49.13108831123333,151.34,157.59,171.64,25.971160811835635,156.72,162.95,169.32,2201,2,87.09377093473994,-27.169725876613185,4.466985365052368,LGW 123,-10.75071338297828,0.0745437703823787,0.0235067244637517,0.0530035477693662,-0.529220687305159
231,76.6125069031392,122.0,129.64,154.48,45.93666673718368,153.96,160.95,179.69,24.79132468966816,163.65,170.19,173.75,2202,2,55.43153753931149,-26.533900500462867,4.015148701443394,Julius,-18.271260212662877,-0.1456606925145472,0.1525381324684031,-0.4118122368936632,0.1103070066687479
232,81.19803072182967,122.29,132.57,154.34,46.47084962121973,155.64,158.44,170.86,27.00630559044231,152.82,156.19,168.17,2203,2,63.02623355925562,-26.652747065079875,4.143551045421209,Sj L024,3.147833011254124,-0.1569661326297648,-0.1750095464494184,-0.2963890139699074,-0.0048372401246723
233,75.81009768269968,129.49,137.28,163.37,45.46943986228105,153.26,157.5,167.77,23.395930849336104,154.52,158.58,166.24,2204,2,93.45622293212446,-27.33628466780097,4.537493122718457,RW41640,-9.224822903127778,0.0154544591852876,-0.0371698764541617,0.0845739422732858,-0.6846725250221795
234,101.70544681088194,139.49,145.33,176.25,59.720946004046105,163.07,168.2,190.98,31.89175351976441,172.02,178.16,183.76,2205,2,572.3258659815115,-27.058412445183304,6.3497085249366405,511016.09,13.953715390655343,0.2418808721594476,-0.1451677469355368,1.8838102234374103,-0.4030979845809241
235,98.21860406278738,127.56,137.38,178.24,69.5539958028979,179.68,178.26,200.53,41.71229390412954,196.18,188.45,199.09,2206,2,103.65720144351666,-27.31012429046957,4.641089314939247,NOS 509180.09,29.843416727767934,0.4336994341861219,-0.189511103178997,0.1622118923859616,-0.6511075120435983
236,71.27282839447096,112.97,116.37,132.43,41.67440543630147,156.35,163.63,177.75,25.799558089005764,164.51,171.2,175.59,2207,2,28.18121734713699,-25.687970021418337,3.338655704513248,Skagen,-0.1297657908793416,0.0303151094648343,0.1131679263075364,-1.1532008390940964,0.9747490748312232
237,77.8051239346493,121.35,130.07,158.11,41.45514838247925,139.91,146.31,158.92,16.87211453670454,150.37,151.6,156.67,2208,2,59.79353829585657,-26.271763756038947,4.090897599864962,Ohio,-14.865857053838385,-0.5125923283246024,0.1699897940381294,-0.4139380647964374,0.3946576580342018
238,105.7700239780184,137.12,143.29,168.38,68.10644347624724,160.12,163.22,174.48,46.52878204588613,167.89,171.42,175.88,2209,2,140.1253737348374,-27.21738256281457,4.942537548541933,NOS 511082.28,40.42073957476546,0.5724251531038222,-0.466195648479383,0.4247227628264749,-0.5472588309178334
239,99.58491472776494,131.8,139.11,163.61,71.8711349722573,156.41,163.97,191.61,44.31416172672054,172.12,175.94,193.43,2210,2,5.3282410643946765,-26.92017608318541,1.6730211770333927,KWS 308,62.09714644918083,0.5505406510689987,-0.531203241909179,-2.8577727297361246,-0.2463500334650845
240,108.82734166860952,145.34,149.45,185.67,71.95324094796408,186.43,180.5,200.95,50.3022494358623,187.92,184.65,201.93,2211,2,1024.7604059483847,-27.25706128817071,6.932214113954392,512099.09,28.70873270822824,0.4591191734141502,-0.2241302255612749,2.388441086130819,-0.5795329206267965
241,107.7762594701559,164.42,157.43,188.09,70.92120782701843,166.35,168.88,194.54,44.779175523816,171.85,176.51,196.3,2212,2,423.9770111260621,-27.01720563432606,6.049679234719746,Br10092p91,74.68301853371705,0.3810020859039053,0.0133538527788522,1.4929270858421146,-0.3359749489585582
242,82.29571374438052,127.33,132.48,159.78,61.29711810805035,160.47,167.21,188.11,38.62664003867136,174.4,176.09,188.26,2214,2,386.8139077881463,-27.59041385971648,5.9579437189517295,Sj M0471,19.39392719646133,0.7093790928197383,-0.4699609298090251,1.375233327965984,-0.901778538701798
243,93.51182498861394,140.22,143.03,175.11,60.04900335942472,152.96,161.21,184.46,30.012643928017766,167.08,172.15,182.91,2215,2,119.78244146884212,-27.62409636904714,4.785677109570999,Sj M0493,18.90351112550986,0.2440775440818308,-0.435091704478922,0.1899875975311982,-0.9317587302088732
244,61.65205587750467,128.75,134.49,147.57,40.324471827283936,141.5,147.81,164.15,12.896102449757228,152.13,156.77,156.96,2216,2,189.4495446873083,-26.715208013629265,5.244122734122098,Kalmar,-50.377312334259074,-0.6669587259038042,0.2040582842474715,0.6354541010282384,-0.019168056967409
245,73.20910859395856,116.12,123.61,153.02,32.20181319980931,152.72,156.61,166.89,15.285476207848436,159.01,163.07,160.23,2218,2,32.054973206567745,-26.66043988678402,3.4674523415807443,Elixer,-32.42097884135856,-0.3675327877020926,0.3231864200150505,-1.1671745336212296,0.0430047055250142
246,73.12716026031636,118.72,124.86,138.19,48.19778241342593,146.16,156.21,177.06,27.24917311014469,169.8,175.46,176.07,2219,2,148.4607469470386,-26.84568312259836,5.0003205929783645,Sj N1127,-22.741875328820377,-0.4346373332462248,0.1539502626624039,0.3527145967223353,-0.1385362124657376
247,73.54650541750215,114.26,122.46,146.53,38.88317227382548,148.06,155.95,173.24,17.89168329688896,162.01,167.03,164.27,2220,2,20.788273249790123,-26.666760918160687,3.0343890416523656,Sj M0051,-43.81776929364496,-0.5335225263210548,0.1410114298443024,-1.6261960756577225,0.0440883097955229
248,93.85120877365176,123.81,132.65,166.61,50.417225391203104,155.44,163.09,181.13,29.375242432378627,167.54,174.26,179.39,2221,2,146.36540589898527,-26.74889442043882,4.986106275100122,KWS Dacanto,-5.739441201106614,0.4426125652147765,-0.1737249351407341,0.3125420367359748,-0.0343428746590213
249,78.88445483499214,123.27,129.26,147.02,34.96636663270149,141.37,146.66,148.41,14.80155014118504,156.16,167.1,155.08,2222,2,26.38705209056356,-26.98010943337744,3.2728734387267666,Evolution,-29.06417703642134,-0.7985619900883231,0.2025952243533087,-1.4136699206914356,-0.2618555697740525
250,71.2513890278797,124.32,131.04,143.89,39.47932572958881,146.71,155.42,169.91,21.131256829176223,171.13,175.22,166.2,2223,2,17.428964363930614,-26.99315838933512,2.8581334408952266,Torp,-31.50093622220348,-0.2789170170233151,0.3350501777731051,-1.8413890395770345,-0.2712022079081464
251,57.11977766393802,122.9,128.47,141.2,30.365747363223136,138.26,144.48,157.47,12.802692897632628,155.54,156.45,154.4,2224,2,4.9689965781493415,-26.923500698105148,1.6032179239802486,LG Mocca,-47.0749586464236,-0.2396234067459163,0.2595423052099384,-3.109283677546068,-0.1978421988545839
252,58.63000739202123,111.07,116.42,133.44,30.924422884337886,142.49,152.97,160.26,13.981714691147642,168.31,170.86,148.41,2225,2,39.67725567172703,-26.015965492584023,3.6807781185260895,KWS Montana,-41.5972966602338,-0.9765126199089496,0.1826370791953573,-1.0447026040542855,0.7133953244901292
253,71.8826329200747,137.41,145.19,165.12,48.42223665765361,201.41,185.14,193.77,32.27468157312664,172.27,179.64,184.98,2226,2,44.39369730877819,-27.833363032543723,3.793097506856973,NOS 509011.08,4.911676357530659,-0.0114740526893904,0.0295546006317128,-0.9453623367774576,-1.100299897645982
254,63.15020436322304,124.06,131.47,149.97,46.663637541658616,174.05,172.13,185.66,23.82725558075364,163.96,170.39,173.17,2227,2,48.40694912685148,-26.31518042128508,3.8796433804174586,Ohio,-18.704207186813463,-0.082948810853137,0.1423950200633471,-0.8717955842710308,0.4215850314362512
255,93.20818134281802,129.28,135.01,174.21,70.18566098856738,178.41,179.05,203.82,42.521681119049006,181.79,183.96,198.58,2229,2,228.5002704412872,-26.80617626101909,5.431537393884049,Benchmark,30.45740579863414,0.373048508345855,-0.1605969273262491,0.6541401870874459,-0.0620061726505838
256,97.04088130830414,129.42,137.65,178.22,81.23028766835128,241.1,207.78,214.11,46.41696996502043,192.17,187.95,200.24,2230,2,340.3189215166046,-27.28480457368584,5.829883182419533,KWS Zyatt,42.12940333940932,0.4707831402876168,-0.3547273158131808,1.0395068545688746,-0.5369321674937453
257,80.99668040270355,135.51,140.1,167.04,61.819115814164846,167.86,171.34,193.73,31.66901823816106,170.1,175.0,182.9,2231,2,548.4200412206761,-24.13972045843813,6.307041491915881,Claire,13.66504932984926,0.3384634433261829,-0.1105542631774711,1.5036860430111636,2.611854265577552
258,85.1497490245354,126.09,134.67,166.81,58.11162939351355,172.81,171.74,187.77,38.67387093711376,168.66,173.22,187.72,2232,2,241.0288424655552,-27.448396545279422,5.484916604610093,Mariboss,5.495892301163141,0.3121069582454905,-0.3048050797206038,0.6685820346513163,-0.6931195034401476
259,75.19127228569737,127.58,133.0,155.41,51.13290917166513,151.16,161.48,182.81,31.05048549209713,176.12,178.88,184.96,2233,2,233.84589631175632,-27.215519209726548,5.454662335639714,Sheriff,-0.3289973709361816,-0.1834288240140004,0.054616002020723,0.6253486446268823,-0.4565398500636846
260,61.43691904959881,112.3,118.59,140.05,30.14290281048249,150.23,159.5,162.25,20.632481767751127,167.95,172.58,166.81,2234,2,150.3333283642604,-27.21399398646649,5.012855017780868,NOS 509130.20,-43.90076488126974,-0.666511158265266,0.2607745900215559,0.1705622057139777,-0.4513123089800395
261,86.89646034954829,127.02,134.78,150.88,53.32089537730356,151.91,158.45,187.44,34.24962075847285,164.36,174.66,190.22,2235,2,15.05022759144699,-27.36970086209678,2.711393113435825,Hystar,-9.853074381290751,-0.6206088682406031,0.3450968922879787,-2.143878819685121,-0.6033168667867415
262,68.12444150231322,122.28,126.99,140.84,32.62774440596377,138.7,147.54,161.93,18.79002114739935,161.16,163.65,166.41,2236,2,313.1767689591303,-27.097991310308785,5.746767788182828,Sj N0803 ,-31.50340832463738,-0.5733143527234043,0.3806581555112977,0.8785167340078228,-0.3279049971751568
263,51.35829733978589,113.15,122.01,140.11,27.361223878176805,145.32,150.54,156.57,14.676135077996545,157.47,166.55,154.23,2237,2,15.755988531967215,-25.78099468516469,2.7572205172566058,Ohio,-40.86869053511291,-1.1245316798659315,0.5010642338561127,-2.1240096579724543,0.9927939457925276
264,71.0534134812766,120.29,127.46,137.01,43.57985363428648,148.07,158.23,177.41,24.25151645746092,165.94,169.58,177.78,2238,2,151.32635734687446,-27.10630877584546,5.019438811483926,Sj N1069,-49.72929635697579,-0.3370160216324435,0.0499461138304115,0.1252295152008073,-0.328817827064654
265,55.46329464303771,109.57,117.33,136.87,28.635102530821644,146.28,153.82,157.61,15.3528630090205,171.72,173.36,150.52,2239,2,194.8573988781948,-26.505758468271544,5.27226800323826,Sheriff,-52.71817629878638,-0.9351562761977832,0.4222824506243097,0.3650795859010856,0.2754347983328493
266,86.20579176330156,134.35,141.76,171.65,56.02720177601356,162.61,164.97,175.88,39.03199084570473,164.54,168.02,173.64,2240,2,186.73386757788504,-26.81676405224956,5.229684435156403,Sj M0351,57.421596595706845,0.4297591788454409,-0.3046802935279414,0.30951689676517,-0.0318684678215781
267,85.36226290880465,147.55,150.48,172.36,49.80057628727431,153.82,159.54,175.47,25.70351977914396,163.46,167.87,173.62,2241,2,205.76551613198464,-27.38972625483378,5.326737249262932,Benchmark,-17.234118595711557,0.0095395861188053,0.0227984358142182,0.3935905898176433,-0.6011283525822044
268,59.970536990427526,114.31,120.26,138.82,37.495154925092045,145.08,150.55,162.61,16.870378815641708,156.23,160.04,157.19,2242,2,198.12411279293715,-26.53565598925757,5.288893666604798,Sj M0567,-35.6302839016067,-0.8412670280017894,0.2903202522415421,0.3427678861054506,0.2566442308175922
269,70.49088512630568,115.59,126.03,151.89,40.92220835934063,153.34,158.28,175.23,26.23163886240679,160.75,166.31,177.74,2243,2,429.5935299810752,-25.7057040564372,6.062839482515776,KWS Montana,-9.335339999363976,-0.1344241872731377,-0.1590849904137925,1.10373458096237,1.0902984814615522
270,88.03663893602356,128.26,137.28,172.0,53.894608509528126,152.58,161.31,181.68,35.438557006671125,172.59,176.58,184.43,2244,2,208.2699473666108,-28.017986237217645,5.338835062133799,Hereford ,13.87871379246669,0.0433962800543248,-0.1760279826294722,0.3667510395263376,-1.2182813814953055
271,66.80845522539967,129.05,137.11,164.65,48.310637114793536,159.52,164.21,179.42,30.14739688746305,161.56,166.41,173.45,2246,2,35.373231373338186,-27.42447554224867,3.565955358200126,Sj M0564,-6.809141522329019,-0.1470697970704415,-0.0769613176341804,-1.4320869065154491,-0.6173660508791521
272,96.29928302726252,126.27,132.1,157.57,54.04157219878985,148.86,158.19,175.92,28.368016591736723,164.19,168.66,175.58,2247,2,202.7829096612409,-27.104055980271795,5.312135996278581,KWS Dacanto,9.805725282681168,-0.0662242877095538,-0.0549362510882935,0.3011146105089466,-0.2932441710786904
